epsilon,epsilon_label,repeat,auprc,roc_auc,threshold,precision,recall,f1,alerts,frauds_caught
0.01,0.01,0,0.0021,0.445537,1.0,0.0,0.0,0.0,173,0
0.01,0.01,1,0.000914,0.080675,1.0,0.0,0.0,0.0,54,0
0.01,0.01,2,0.004791,0.603851,1.0,0.01581,0.040816,0.022792,253,4
0.01,0.01,3,0.011501,0.664027,0.999845,0.030769,0.142857,0.050633,455,14
0.01,0.01,4,0.002554,0.462059,1.0,0.020134,0.030612,0.024291,149,3
0.01,0.01,5,0.00102,0.126337,0.0,0.001633,0.94898,0.00326,56953,93
0.01,0.01,6,0.456783,0.950278,1.0,0.574468,0.55102,0.5625,94,54
0.01,0.01,7,0.085436,0.869693,1.0,0.189655,0.22449,0.205607,116,22
0.01,0.01,8,0.00316,0.429595,0.018825,0.004498,0.030612,0.007843,667,3
0.01,0.01,9,0.091733,0.781689,0.999329,0.132296,0.346939,0.191549,257,34
0.01,0.01,10,0.001106,0.182328,1.0,0.004464,0.010204,0.006211,224,1
0.01,0.01,11,0.282009,0.749188,0.999921,0.618182,0.346939,0.444444,55,34
0.01,0.01,12,0.007372,0.444157,1.0,0.089286,0.05102,0.064935,56,5
0.01,0.01,13,0.116369,0.78654,0.0,0.275862,0.163265,0.205128,58,16
0.01,0.01,14,0.016151,0.658985,0.996918,0.055944,0.163265,0.083333,286,16
0.01,0.01,15,0.001355,0.374472,0.999763,0.004184,0.010204,0.005935,239,1
0.01,0.01,16,0.030028,0.65441,0.999984,0.080153,0.214286,0.116667,262,21
0.01,0.01,17,0.002047,0.447278,0.546938,0.001319,0.010204,0.002336,758,1
0.01,0.01,18,0.041981,0.53199,0.994958,0.069444,0.153061,0.095541,216,15
0.01,0.01,19,0.001187,0.314156,0.998696,0.0,0.0,0.0,314,0
0.05,0.05,0,0.00317,0.566261,1.0,0.0,0.0,0.0,140,0
0.05,0.05,1,0.000919,0.085305,1.0,0.0,0.0,0.0,22,0
0.05,0.05,2,0.015461,0.741265,0.999871,0.038997,0.142857,0.061269,359,14
0.05,0.05,3,0.061964,0.760514,1.0,0.2,0.193878,0.196891,95,19
0.05,0.05,4,0.005388,0.670073,1.0,0.034483,0.030612,0.032432,87,3
0.05,0.05,5,0.001085,0.180192,0.0,0.001651,0.959184,0.003297,56922,94
0.05,0.05,6,0.491229,0.951289,1.0,0.606742,0.55102,0.57754,89,54
0.05,0.05,7,0.18627,0.907351,0.999994,0.212291,0.387755,0.274368,179,38
0.05,0.05,8,0.008728,0.545238,0.136807,0.023256,0.071429,0.035088,301,7
0.05,0.05,9,0.142837,0.819425,0.952137,0.172996,0.418367,0.244776,237,41
0.05,0.05,10,0.001274,0.226756,0.9998,0.005155,0.010204,0.006849,194,1
0.05,0.05,11,0.373285,0.800589,0.999984,0.671642,0.459184,0.545455,67,45
0.05,0.05,12,0.026918,0.538268,0.998877,0.084615,0.112245,0.096491,130,11
0.05,0.05,13,0.36176,0.840809,0.0,0.567164,0.387755,0.460606,67,38
0.05,0.05,14,0.139308,0.798927,0.999947,0.3,0.244898,0.269663,80,24
0.05,0.05,15,0.002685,0.513958,0.882422,0.004,0.010204,0.005747,250,1
0.05,0.05,16,0.07292,0.742382,0.999983,0.155556,0.285714,0.201439,180,28
0.05,0.05,17,0.005424,0.565499,0.693677,0.018237,0.061224,0.028103,329,6
0.05,0.05,18,0.230046,0.611735,0.998049,0.294118,0.255102,0.273224,85,25
0.05,0.05,19,0.003722,0.462479,0.982042,0.018018,0.040816,0.025,222,4
0.1,0.1,0,0.008141,0.770273,1.0,0.005988,0.010204,0.007547,167,1
0.1,0.1,1,0.000926,0.099888,1.0,0.0,0.0,0.0,11,0
0.1,0.1,2,0.063468,0.845881,1.0,0.114754,0.214286,0.149466,183,21
0.1,0.1,3,0.20066,0.832268,1.0,0.44898,0.22449,0.29932,49,22
0.1,0.1,4,0.017397,0.833326,0.154939,0.029895,0.204082,0.052151,669,20
0.1,0.1,5,0.001653,0.379509,0.931636,0.00346,0.010204,0.005168,289,1
0.1,0.1,6,0.496557,0.952182,1.0,0.606742,0.55102,0.57754,89,54
0.1,0.1,7,0.265976,0.925757,0.999629,0.251185,0.540816,0.343042,211,53
0.1,0.1,8,0.038645,0.677704,0.018105,0.056701,0.22449,0.090535,388,22
0.1,0.1,9,0.21361,0.85375,0.996837,0.258621,0.459184,0.330882,174,45
0.1,0.1,10,0.001669,0.321735,0.999955,0.007246,0.010204,0.008475,138,1
0.1,0.1,11,0.449579,0.834886,0.999997,0.675676,0.510204,0.581395,74,50
0.1,0.1,12,0.094378,0.644004,0.999942,0.253165,0.204082,0.225989,79,20
0.1,0.1,13,0.491255,0.877876,0.004354,0.716418,0.489796,0.581818,67,48
0.1,0.1,14,0.301539,0.844982,0.99996,0.469136,0.387755,0.424581,81,38
0.1,0.1,15,0.030357,0.652046,0.937294,0.111111,0.163265,0.132231,144,16
0.1,0.1,16,0.161241,0.830472,0.999999,0.3,0.367347,0.330275,120,36
0.1,0.1,17,0.055234,0.715269,0.999923,0.181818,0.081633,0.112676,44,8
0.1,0.1,18,0.313445,0.679142,0.999998,0.697674,0.306122,0.425532,43,30
0.1,0.1,19,0.050708,0.651584,0.997366,0.116279,0.153061,0.132159,129,15
0.5,0.5,0,0.334513,0.94965,1.0,0.489583,0.479592,0.484536,96,47
0.5,0.5,1,0.303083,0.86291,0.999999,0.413462,0.438776,0.425743,104,43
0.5,0.5,2,0.394178,0.929412,1.0,0.538462,0.5,0.518519,91,49
0.5,0.5,3,0.411982,0.909471,1.0,0.6,0.459184,0.520231,75,45
0.5,0.5,4,0.393961,0.940983,1.0,0.524752,0.540816,0.532663,101,53
0.5,0.5,5,0.409258,0.885262,1.0,0.634921,0.408163,0.496894,63,40
0.5,0.5,6,0.548028,0.957118,1.0,0.626263,0.632653,0.629442,99,62
0.5,0.5,7,0.458004,0.948314,1.0,0.531532,0.602041,0.564593,111,59
0.5,0.5,8,0.445103,0.882474,1.0,0.590361,0.5,0.541436,83,49
0.5,0.5,9,0.395647,0.918545,0.999947,0.429752,0.530612,0.474886,121,52
0.5,0.5,10,0.439672,0.897666,1.0,0.504425,0.581633,0.540284,113,57
0.5,0.5,11,0.535715,0.881778,0.999999,0.715789,0.693878,0.704663,95,68
0.5,0.5,12,0.386978,0.890065,0.999976,0.5,0.510204,0.505051,100,50
0.5,0.5,13,0.602487,0.935399,0.999452,0.721649,0.714286,0.717949,97,70
0.5,0.5,14,0.519765,0.923693,0.99156,0.532787,0.663265,0.590909,122,65
0.5,0.5,15,0.335141,0.868148,0.998896,0.516484,0.479592,0.497354,91,47
0.5,0.5,16,0.48083,0.92572,1.0,0.612245,0.612245,0.612245,98,60
0.5,0.5,17,0.599101,0.94818,1.0,0.763889,0.561224,0.647059,72,55
0.5,0.5,18,0.491694,0.806633,0.998305,0.753247,0.591837,0.662857,77,58
0.5,0.5,19,0.496408,0.891502,0.999958,0.615385,0.571429,0.592593,91,56
1.0,1,0,0.286743,0.956502,1.0,0.356725,0.622449,0.453532,171,61
1.0,1,1,0.385725,0.905274,0.999999,0.384615,0.561224,0.456432,143,55
1.0,1,2,0.315321,0.933572,1.0,0.426573,0.622449,0.506224,143,61
1.0,1,3,0.431138,0.917769,1.0,0.614458,0.520408,0.563536,83,51
1.0,1,4,0.280174,0.945037,1.0,0.364706,0.632653,0.462687,170,62
1.0,1,5,0.463573,0.920442,1.0,0.504132,0.622449,0.557078,121,61
1.0,1,6,0.463171,0.956486,1.0,0.524138,0.77551,0.625514,145,76
1.0,1,7,0.478337,0.951643,1.0,0.546218,0.663265,0.599078,119,65
1.0,1,8,0.509885,0.906256,1.0,0.615385,0.653061,0.633663,104,64
1.0,1,9,0.452957,0.931076,1.0,0.473684,0.55102,0.509434,114,54
1.0,1,10,0.427116,0.90703,1.0,0.539823,0.622449,0.578199,113,61
1.0,1,11,0.545893,0.899096,1.0,0.704082,0.704082,0.704082,98,69
1.0,1,12,0.441563,0.900083,1.0,0.614458,0.520408,0.563536,83,51
1.0,1,13,0.623992,0.939597,1.0,0.71875,0.704082,0.71134,96,69
1.0,1,14,0.501023,0.931287,1.0,0.659091,0.591837,0.623656,88,58
1.0,1,15,0.413695,0.878294,1.0,0.590361,0.5,0.541436,83,49
1.0,1,16,0.482955,0.929893,1.0,0.598291,0.714286,0.651163,117,70
1.0,1,17,0.59502,0.947631,1.0,0.743243,0.561224,0.639535,74,55
1.0,1,18,0.55133,0.828652,0.999916,0.764706,0.663265,0.710383,85,65
1.0,1,19,0.55711,0.914109,1.0,0.753425,0.561224,0.643275,73,55
2.0,2,0,0.539846,0.965131,0.999997,0.623762,0.642857,0.633166,101,63
2.0,2,1,0.566173,0.937619,0.999282,0.642857,0.642857,0.642857,98,63
2.0,2,2,0.604134,0.947768,0.999997,0.690476,0.591837,0.637363,84,58
2.0,2,3,0.592663,0.940539,0.996051,0.703297,0.653061,0.677249,91,64
2.0,2,4,0.587114,0.958814,0.999461,0.489362,0.704082,0.577406,141,69
2.0,2,5,0.578832,0.952207,0.996476,0.653465,0.673469,0.663317,101,66
2.0,2,6,0.680967,0.973427,0.940881,0.706897,0.836735,0.766355,116,82
2.0,2,7,0.666801,0.963563,0.997388,0.728261,0.683673,0.705263,92,67
2.0,2,8,0.653524,0.944123,0.996438,0.75,0.734694,0.742268,96,72
2.0,2,9,0.61083,0.970236,0.989387,0.630631,0.714286,0.669856,111,70
2.0,2,10,0.591081,0.931595,0.999994,0.722892,0.612245,0.662983,83,60
2.0,2,11,0.622527,0.945784,0.998482,0.711538,0.755102,0.732673,104,74
2.0,2,12,0.600476,0.94262,0.989572,0.82716,0.683673,0.748603,81,67
2.0,2,13,0.664448,0.954839,0.99218,0.626016,0.785714,0.696833,123,77
2.0,2,14,0.636787,0.960945,0.986483,0.660194,0.693878,0.676617,103,68
2.0,2,15,0.615717,0.936886,0.784853,0.621849,0.755102,0.682028,119,74
2.0,2,16,0.651477,0.938357,0.999839,0.633333,0.77551,0.697248,120,76
2.0,2,17,0.701014,0.964912,0.994854,0.707547,0.765306,0.735294,106,75
2.0,2,18,0.632116,0.915007,0.851383,0.802083,0.785714,0.793814,96,77
2.0,2,19,0.652681,0.94954,0.817229,0.759615,0.806122,0.782178,104,79
5.0,5,0,0.694366,0.975589,0.882398,0.808081,0.816327,0.812183,99,80
5.0,5,1,0.692507,0.97122,0.843873,0.816327,0.816327,0.816327,98,80
5.0,5,2,0.700504,0.974955,0.670815,0.796117,0.836735,0.81592,103,82
5.0,5,3,0.695957,0.971206,0.887386,0.816327,0.816327,0.816327,98,80
5.0,5,4,0.692666,0.974518,0.889408,0.816327,0.816327,0.816327,98,80
5.0,5,5,0.679803,0.973247,0.86278,0.816327,0.816327,0.816327,98,80
5.0,5,6,0.699735,0.975947,0.910986,0.816327,0.816327,0.816327,98,80
5.0,5,7,0.69445,0.970706,0.815156,0.808081,0.816327,0.812183,99,80
5.0,5,8,0.688341,0.968054,0.829932,0.816327,0.816327,0.816327,98,80
5.0,5,9,0.683903,0.973969,0.85556,0.816327,0.816327,0.816327,98,80
5.0,5,10,0.682589,0.968902,0.69215,0.808081,0.816327,0.812183,99,80
5.0,5,11,0.694133,0.976378,0.929087,0.824742,0.816327,0.820513,97,80
5.0,5,12,0.689599,0.970056,0.901628,0.816327,0.816327,0.816327,98,80
5.0,5,13,0.69762,0.975696,0.922296,0.816327,0.816327,0.816327,98,80
5.0,5,14,0.688985,0.973322,0.832327,0.816327,0.816327,0.816327,98,80
5.0,5,15,0.695029,0.970632,0.853069,0.816327,0.816327,0.816327,98,80
5.0,5,16,0.705251,0.973288,0.952322,0.816327,0.816327,0.816327,98,80
5.0,5,17,0.703393,0.976296,0.665647,0.786408,0.826531,0.80597,103,81
5.0,5,18,0.689487,0.967877,0.884824,0.816327,0.816327,0.816327,98,80
5.0,5,19,0.684998,0.971628,0.64017,0.816327,0.816327,0.816327,98,80
10.0,10,0,0.694116,0.975345,0.861617,0.816327,0.816327,0.816327,98,80
10.0,10,1,0.68813,0.971138,0.846986,0.816327,0.816327,0.816327,98,80
10.0,10,2,0.696597,0.975352,0.898706,0.816327,0.816327,0.816327,98,80
10.0,10,3,0.693765,0.973121,0.865356,0.816327,0.816327,0.816327,98,80
10.0,10,4,0.693252,0.97456,0.499146,0.788462,0.836735,0.811881,104,82
10.0,10,5,0.690261,0.975171,0.864321,0.816327,0.816327,0.816327,98,80
10.0,10,6,0.698313,0.975396,0.634218,0.796117,0.836735,0.81592,103,82
10.0,10,7,0.693198,0.97274,0.491125,0.788462,0.836735,0.811881,104,82
10.0,10,8,0.693742,0.971812,0.406651,0.788462,0.836735,0.811881,104,82
10.0,10,9,0.688332,0.974141,0.851881,0.816327,0.816327,0.816327,98,80
10.0,10,10,0.687685,0.970809,0.871358,0.816327,0.816327,0.816327,98,80
10.0,10,11,0.694651,0.975538,0.892284,0.816327,0.816327,0.816327,98,80
10.0,10,12,0.693372,0.97243,0.872555,0.816327,0.816327,0.816327,98,80
10.0,10,13,0.695353,0.975289,0.888345,0.816327,0.816327,0.816327,98,80
10.0,10,14,0.691779,0.973782,0.621951,0.816327,0.816327,0.816327,98,80
10.0,10,15,0.690978,0.972861,0.848348,0.816327,0.816327,0.816327,98,80
10.0,10,16,0.699729,0.974541,0.9063,0.816327,0.816327,0.816327,98,80
10.0,10,17,0.700149,0.975554,0.549785,0.796117,0.836735,0.81592,103,82
10.0,10,18,0.691832,0.971895,0.865362,0.816327,0.816327,0.816327,98,80
10.0,10,19,0.690054,0.974038,0.651355,0.816327,0.816327,0.816327,98,80
50.0,50,0,0.693175,0.97449,0.474252,0.796117,0.836735,0.81592,103,82
50.0,50,1,0.693582,0.973998,0.460479,0.788462,0.836735,0.811881,104,82
50.0,50,2,0.694593,0.97452,0.864906,0.816327,0.816327,0.816327,98,80
50.0,50,3,0.694548,0.974043,0.458908,0.796117,0.836735,0.81592,103,82
50.0,50,4,0.693503,0.97429,0.468774,0.796117,0.836735,0.81592,103,82
50.0,50,5,0.693105,0.974431,0.45606,0.796117,0.836735,0.81592,103,82
50.0,50,6,0.694015,0.974508,0.495846,0.796117,0.836735,0.81592,103,82
50.0,50,7,0.693751,0.97396,0.468323,0.796117,0.836735,0.81592,103,82
50.0,50,8,0.693881,0.973838,0.446968,0.796117,0.836735,0.81592,103,82
50.0,50,9,0.693446,0.974193,0.463525,0.796117,0.836735,0.81592,103,82
50.0,50,10,0.693618,0.973937,0.862138,0.816327,0.816327,0.816327,98,80
50.0,50,11,0.693809,0.974489,0.442666,0.788462,0.836735,0.811881,104,82
50.0,50,12,0.693531,0.973918,0.471842,0.796117,0.836735,0.81592,103,82
50.0,50,13,0.693935,0.974466,0.462977,0.796117,0.836735,0.81592,103,82
50.0,50,14,0.693325,0.974133,0.46562,0.796117,0.836735,0.81592,103,82
50.0,50,15,0.693532,0.973991,0.854516,0.816327,0.816327,0.816327,98,80
50.0,50,16,0.694931,0.974314,0.866693,0.816327,0.816327,0.816327,98,80
50.0,50,17,0.694377,0.974523,0.478688,0.796117,0.836735,0.81592,103,82
50.0,50,18,0.693787,0.973829,0.423658,0.788462,0.836735,0.811881,104,82
50.0,50,19,0.693412,0.974231,0.859594,0.816327,0.816327,0.816327,98,80
100.0,100,0,0.693683,0.974349,0.468825,0.796117,0.836735,0.81592,103,82
100.0,100,1,0.69373,0.974107,0.462031,0.796117,0.836735,0.81592,103,82
100.0,100,2,0.69375,0.974365,0.460885,0.796117,0.836735,0.81592,103,82
100.0,100,3,0.693661,0.974117,0.46123,0.796117,0.836735,0.81592,103,82
100.0,100,4,0.693661,0.974251,0.466123,0.796117,0.836735,0.81592,103,82
100.0,100,5,0.693635,0.974318,0.459811,0.796117,0.836735,0.81592,103,82
100.0,100,6,0.69386,0.97435,0.479609,0.796117,0.836735,0.81592,103,82
100.0,100,7,0.693745,0.974091,0.465962,0.796117,0.836735,0.81592,103,82
100.0,100,8,0.693793,0.974034,0.455314,0.796117,0.836735,0.81592,103,82
100.0,100,9,0.693761,0.974197,0.46356,0.796117,0.836735,0.81592,103,82
100.0,100,10,0.693834,0.974072,0.461351,0.796117,0.836735,0.81592,103,82
100.0,100,11,0.693995,0.974344,0.453204,0.788462,0.836735,0.811881,104,82
100.0,100,12,0.693926,0.974056,0.467641,0.796117,0.836735,0.81592,103,82
100.0,100,13,0.693884,0.974335,0.463307,0.796117,0.836735,0.81592,103,82
100.0,100,14,0.693753,0.974161,0.464611,0.796117,0.836735,0.81592,103,82
100.0,100,15,0.693433,0.9741,0.459296,0.796117,0.836735,0.81592,103,82
100.0,100,16,0.694002,0.974259,0.463888,0.796117,0.836735,0.81592,103,82
100.0,100,17,0.694568,0.974365,0.471062,0.796117,0.836735,0.81592,103,82
100.0,100,18,0.693826,0.974019,0.44365,0.788462,0.836735,0.811881,104,82
100.0,100,19,0.693768,0.974218,0.453935,0.796117,0.836735,0.81592,103,82
inf,inf,0,0.693803,0.974203,0.463694,0.796117,0.836735,0.81592,103,82
